<application>
  <component name="libraryTable">
    <library name="@types/axios-cancel" type="javaScript">
      <CLASSES />
      <SOURCES />
    </library>
    <library name="@types/axios-token-interceptor" type="javaScript">
      <CLASSES />
      <SOURCES />
    </library>
    <library name="@types/express" type="javaScript">
      <CLASSES />
      <SOURCES />
    </library>
    <library name="@types/express-route-fs" type="javaScript">
      <CLASSES />
      <SOURCES />
    </library>
    <library name="@types/node" type="javaScript">
      <CLASSES />
      <SOURCES />
    </library>
    <library name="@types/react" type="javaScript">
      <CLASSES />
      <SOURCES />
    </library>
    <library name="@types/react-redux" type="javaScript">
      <CLASSES />
      <SOURCES />
    </library>
    <library name="@types/react-router" type="javaScript">
      <CLASSES />
      <SOURCES />
    </library>
    <library name="@types/redux-actions" type="javaScript">
      <CLASSES />
      <SOURCES />
    </library>
    <library name="@types/redux-storage" type="javaScript">
      <CLASSES />
      <SOURCES />
    </library>
    <library name="jQuery" type="javaScript">
      <properties>
        <option name="frameworkName" value="jQuery" />
        <option name="frameworkVersion" value="3.1" />
      </properties>
      <CLASSES>
        <root url="file://Q:/wamp64/www/jquery/js/jquery-3.1.1.js" />
      </CLASSES>
      <DOCUMENTATION>
        <root url="file://$APPLICATION_CONFIG_DIR$/javascript/extLibs/http_api.jquery.com_resources_api.xml.xml" />
        <root url="http://api.jquery.com/" />
      </DOCUMENTATION>
      <SOURCES />
    </library>
  </component>
</application>