<application>
  <component name="LanguageInjectionConfiguration">
    <injection language="SQL" injector-id="js">
      <display-name>SQL select/delete/insert/update/create</display-name>
      <place disabled="true"><![CDATA[jsLiteralExpression().withText(string().matchesBrics("[\"'`] *(WITH .* AS *\\()? *(((SELECT|DELETE) .*FROM)|((INSERT|REPLACE) .*INTO)|(UPDATE .* SET)|((CREATE|DROP|ALTER) +((TEMPORARY )?TABLE|(UNIQUE )?INDEX))) .*[\"'`]?"))]]></place>
    </injection>
    <injection language="XHTML" injector-id="xml">
      <display-name>link/@rel</display-name>
      <place><![CDATA[xmlAttribute().withLocalName(string().equalTo("rel")).withParent(xmlTag().withLocalName(string().equalTo("link")).withNamespace(string().matches("C:/Program Files/JetBrains/PhpStorm 2019.3.1/lib/intellij-xml.jar!/resources/html5-schema/html5.rnc")))]]></place>
    </injection>
  </component>
</application>