<application>
  <component name="MaterialThemeConfig">
    <option name="compactMenus" value="true" />
    <option name="compactStatusBar" value="true" />
    <option name="compactDropdowns" value="true" />
    <option name="isCompactMenus" value="true" />
    <option name="isCompactStatusBar" value="true" />
    <option name="isWizardShown" value="true" />
    <option name="overrideAccentColor" value="false" />
    <option name="pristineConfig" value="false" />
    <option name="statusBarTheme" value="false" />
    <option name="useMaterialFont2" value="true" />
    <option name="tabFontSize" value="17" />
    <option name="accentColor" value="ff9800" />
    <option name="highlightColor" value="11820d" />
    <option name="selectedTheme" value="DARKER" />
    <option name="userId" value="2232cfaa:166fefc941b:-7fff" />
    <option name="version" value="5.2.0" />
  </component>
</application>