<application>
  <component name="PhpInterpreters">
    <interpreters>
      <interpreter id="e68a4cc7-700c-4dc5-a574-c863d266dba1" name="PHP 7.1.3" home="D:\server\bin\php\php-7.1.6-Win32-VC14-x86\php.exe" debugger_id="php.debugger.XDebug" debugger_extension="D:\server\bin\php\php-7.1.6-Win32-VC14-x86\zend_ext\php_xdebug.dll" />
      <interpreter id="41fd77a2-c92b-4a5c-8017-ddf1726a0d6a" name="PHP 5.6.18" home="D:\server\bin\php\php-5.6.18\php.exe" debugger_id="php.debugger.XDebug" debugger_extension="D:\server\bin\php\php-5.6.18\zend_ext\php_xdebug.dll" />
      <interpreter id="06abbc30-540e-41f8-894e-5374ad596350" name="PHP 7.4.7" home="D:\server\bin\php\php-7.4.7\php.exe" debugger_id="php.debugger.XDebug" />
    </interpreters>
  </component>
  <component name="PhpInterpretersPhpInfoCache">
    <phpInfoCache>
      <interpreter name="PHP 7.1.3">
        <phpinfo binary_type="PHP" php_cgi="D:\server\bin\php\php-7.1.6-Win32-VC14-x86\php-cgi.exe" php_cli="D:\server\bin\php\php-7.1.6-Win32-VC14-x86\php.exe" path_separator=";" version="7.1.6">
          <additional_php_ini />
          <configuration_file>D:\server\bin\php\php-7.1.6-Win32-VC14-x86\php.ini</configuration_file>
          <configuration_options>
            <configuration_option name="include_path" value=".;C:\php\pear" />
          </configuration_options>
          <debuggers>
            <debugger_info debugger="xdebug" debugger_version="2.5.4">
              <debug_extensions />
            </debugger_info>
          </debuggers>
          <loaded_extensions>
            <extension name="Core" />
            <extension name="PDO" />
            <extension name="Phar" />
            <extension name="Reflection" />
            <extension name="SPL" />
            <extension name="SimpleXML" />
            <extension name="bcmath" />
            <extension name="bz2" />
            <extension name="calendar" />
            <extension name="ctype" />
            <extension name="curl" />
            <extension name="date" />
            <extension name="dom" />
            <extension name="exif" />
            <extension name="fileinfo" />
            <extension name="filter" />
            <extension name="ftp" />
            <extension name="gd" />
            <extension name="gettext" />
            <extension name="hash" />
            <extension name="iconv" />
            <extension name="imap" />
            <extension name="intl" />
            <extension name="json" />
            <extension name="ldap" />
            <extension name="libxml" />
            <extension name="mbstring" />
            <extension name="mcrypt" />
            <extension name="mysqli" />
            <extension name="mysqlnd" />
            <extension name="openssl" />
            <extension name="pcre" />
            <extension name="pdo_mysql" />
            <extension name="pdo_sqlite" />
            <extension name="readline" />
            <extension name="session" />
            <extension name="shmop" />
            <extension name="soap" />
            <extension name="sockets" />
            <extension name="sqlite3" />
            <extension name="standard" />
            <extension name="tidy" />
            <extension name="tokenizer" />
            <extension name="wddx" />
            <extension name="xdebug" />
            <extension name="xml" />
            <extension name="xmlreader" />
            <extension name="xmlrpc" />
            <extension name="xmlwriter" />
            <extension name="xsl" />
            <extension name="zip" />
            <extension name="zlib" />
          </loaded_extensions>
        </phpinfo>
      </interpreter>
      <interpreter name="PHP 5.6.18">
        <phpinfo binary_type="PHP" php_cgi="D:\server\bin\php\php-5.6.18\php-cgi.exe" php_cli="D:\server\bin\php\php-5.6.18\php.exe" path_separator=";" version="5.6.18">
          <additional_php_ini />
          <configuration_file>D:\server\bin\php\php-5.6.18\php.ini</configuration_file>
          <configuration_options>
            <configuration_option name="include_path" value=".;C:\php\pear" />
          </configuration_options>
          <debuggers>
            <debugger_info debugger="xdebug" debugger_version="2.4.0RC4">
              <debug_extensions />
            </debugger_info>
          </debuggers>
          <loaded_extensions>
            <extension name="Core" />
            <extension name="PDO" />
            <extension name="Phar" />
            <extension name="Reflection" />
            <extension name="SPL" />
            <extension name="SimpleXML" />
            <extension name="bcmath" />
            <extension name="calendar" />
            <extension name="ctype" />
            <extension name="date" />
            <extension name="dom" />
            <extension name="ereg" />
            <extension name="filter" />
            <extension name="ftp" />
            <extension name="hash" />
            <extension name="iconv" />
            <extension name="json" />
            <extension name="libxml" />
            <extension name="mcrypt" />
            <extension name="mhash" />
            <extension name="mysqlnd" />
            <extension name="odbc" />
            <extension name="pcre" />
            <extension name="session" />
            <extension name="standard" />
            <extension name="tokenizer" />
            <extension name="wddx" />
            <extension name="xdebug" />
            <extension name="xml" />
            <extension name="xmlreader" />
            <extension name="xmlwriter" />
            <extension name="zip" />
            <extension name="zlib" />
          </loaded_extensions>
        </phpinfo>
      </interpreter>
      <interpreter name="PHP 7.4.7">
        <phpinfo binary_type="PHP" php_cgi="D:\server\bin\php\php-7.4.7\php-cgi.exe" php_cli="D:\server\bin\php\php-7.4.7\php.exe" path_separator=";" version="7.4.7">
          <additional_php_ini />
          <configuration_file>D:\server\bin\php\php-7.4.7\php.ini</configuration_file>
          <configuration_options>
            <configuration_option name="include_path" value=".;C:\php\pear" />
          </configuration_options>
          <debuggers>
            <debugger_info debugger="xdebug" debugger_version="2.9.6">
              <debug_extensions />
            </debugger_info>
          </debuggers>
          <loaded_extensions>
            <extension name="Core" />
            <extension name="PDO" />
            <extension name="Phar" />
            <extension name="Reflection" />
            <extension name="SPL" />
            <extension name="SimpleXML" />
            <extension name="bcmath" />
            <extension name="bz2" />
            <extension name="calendar" />
            <extension name="ctype" />
            <extension name="curl" />
            <extension name="date" />
            <extension name="dom" />
            <extension name="fileinfo" />
            <extension name="filter" />
            <extension name="gd" />
            <extension name="hash" />
            <extension name="iconv" />
            <extension name="json" />
            <extension name="libxml" />
            <extension name="mbstring" />
            <extension name="mysqli" />
            <extension name="mysqlnd" />
            <extension name="openssl" />
            <extension name="pcre" />
            <extension name="pdo_mysql" />
            <extension name="pdo_sqlite" />
            <extension name="readline" />
            <extension name="session" />
            <extension name="sockets" />
            <extension name="sqlite3" />
            <extension name="standard" />
            <extension name="tokenizer" />
            <extension name="xdebug" />
            <extension name="xml" />
            <extension name="xmlreader" />
            <extension name="xmlwriter" />
            <extension name="zip" />
            <extension name="zlib" />
          </loaded_extensions>
        </phpinfo>
      </interpreter>
    </phpInfoCache>
  </component>
  <component name="PhpSmartKeysConfiguration">
    <option name="smartFunctionParametersCompletion" value="true" />
  </component>
</application>