<application>
  <component name="ProjectManager">
    <defaultProject>
      <component name="ComposerJsonPluginSettings">
        <unboundedVersionInspectionSettings>
          <excludedPackages />
        </unboundedVersionInspectionSettings>
        <customRepositories />
        <composerUpdateOptions />
      </component>
      <component name="PhpWorkspaceProjectConfiguration" backward_compatibility_performed="true" />
      <component name="PropertiesComponent">
        <property name="nodejs_interpreter_path.stuck_in_default_project" value="undefined stuck path" />
        <property name="nodejs_npm_path_reset_for_default_project" value="true" />
        <property name="settings.editor.selected.configurable" value="configurable.group.appearance" />
      </component>
      <component name="RunManager">
        <configuration default="true" type="NodeJSConfigurationType">
          <EXTENSION ID="com.jetbrains.nodejs.run.NodeJSProfilingRunConfigurationExtension">
            <profiling log-folder="C:\Program Files\JetBrains\PhpStorm 2020.1\jbr\bin\." />
          </EXTENSION>
          <EXTENSION ID="com.jetbrains.nodejs.run.NodeJSStartBrowserRunConfigurationExtension">
            <browser with-js-debugger="true" />
          </EXTENSION>
          <method v="2" />
        </configuration>
      </component>
    </defaultProject>
  </component>
</application>