<application>
  <component name="UpdatesConfigurable">
    <ignoredBuildNumbers>
      <item value="192.5728.108" />
      <item value="192.6262.66" />
      <item value="191.8026.56" />
      <item value="192.6817.20" />
      <item value="192.6603.42" />
      <item value="192.7142.41" />
      <item value="193.5662.63" />
      <item value="193.5233.101" />
      <item value="193.6015.48" />
      <item value="193.6494.47" />
      <item value="193.6911.26" />
      <item value="201.7846.90" />
      <item value="201.8538.41" />
      <item value="201.8743.18" />
      <item value="202.6397.115" />
      <item value="202.6948.87" />
    </ignoredBuildNumbers>
    <option name="LAST_BUILD_CHECKED" value="PS-201.7223.96" />
    <option name="LAST_TIME_CHECKED" value="1600429676002" />
    <option name="THIRD_PARTY_PLUGINS_ALLOWED" value="true" />
  </component>
</application>