<code_scheme name="Default" version="173">
  <HTMLCodeStyleSettings>
    <option name="HTML_SPACE_INSIDE_EMPTY_TAG" value="true" />
  </HTMLCodeStyleSettings>
  <JSCodeStyleSettings version="0">
    <option name="USE_DOUBLE_QUOTES" value="false" />
    <option name="SPACES_WITHIN_IMPORTS" value="true" />
  </JSCodeStyleSettings>
  <MySQLCodeStyleSettings version="2">
    <option name="KEYWORD_CASE" value="0" />
  </MySQLCodeStyleSettings>
  <OracleCodeStyleSettings version="2">
    <option name="KEYWORD_CASE" value="0" />
  </OracleCodeStyleSettings>
  <PHPCodeStyleSettings>
    <option name="ALIGN_PHPDOC_PARAM_NAMES" value="true" />
    <option name="ALIGN_PHPDOC_COMMENTS" value="true" />
    <option name="ALIGN_INLINE_COMMENTS" value="true" />
    <option name="PHPDOC_BLANK_LINE_BEFORE_TAGS" value="true" />
    <option name="PHPDOC_WRAP_LONG_LINES" value="true" />
    <option name="SPACE_BEFORE_COLON_IN_RETURN_TYPE" value="true" />
    <option name="SPACE_AFTER_COLON_IN_RETURN_TYPE" value="false" />
  </PHPCodeStyleSettings>
  <codeStyleSettings language="JavaScript">
    <indentOptions>
      <option name="KEEP_INDENTS_ON_EMPTY_LINES" value="true" />
    </indentOptions>
  </codeStyleSettings>
  <codeStyleSettings language="PHP">
    <option name="LINE_COMMENT_AT_FIRST_COLUMN" value="false" />
    <option name="LINE_COMMENT_ADD_SPACE" value="true" />
    <indentOptions>
      <option name="KEEP_INDENTS_ON_EMPTY_LINES" value="true" />
    </indentOptions>
  </codeStyleSettings>
</code_scheme>